{
  "project_info": {
    "project_number": "584101495930",
    "firebase_url": "https://udrinkidev-driver-app.firebaseio.com",
    "project_id": "udrinkidev-driver-app",
    "storage_bucket": "udrinkidev-driver-app.appspot.com"
  },
  "client": [
    {
      "client_info": {
        "mobilesdk_app_id": "1:584101495930:android:1d2cb9a19aff8d9d",
        "android_client_info": {
          "package_name": "th.co.udrinkidrive.app.driver"
        }
      },
      "oauth_client": [
        {
          "client_id": "584101495930-uj2uo9kaivvagr2qbbcp5chpun7ah27i.apps.googleusercontent.com",
          "client_type": 3
        }
      ],
      "api_key": [
        {
          "current_key": "AIzaSyDYj3vMTodsFtn6VGzYHwVWxCkD5Vp9iaQ"
        }
      ],
      "services": {
        "analytics_service": {
          "status": 1
        },
        "appinvite_service": {
          "status": 1,
          "other_platform_oauth_client": []
        },
        "ads_service": {
          "status": 2
        }
      }
    }
  ],
  "configuration_version": "1"
}